{
  "hash": "45976f86",
  "configHash": "984de63a",
  "lockfileHash": "900ca276",
  "browserHash": "913dfaa1",
  "optimized": {
    "@angular/core": {
      "src": "../../../../../node_modules/@angular/core/fesm2022/core.mjs",
      "file": "@angular_core.js",
      "fileHash": "f7ad865f",
      "needsInterop": false
    },
    "@angular/platform-browser": {
      "src": "../../../../../node_modules/@angular/platform-browser/fesm2022/platform-browser.mjs",
      "file": "@angular_platform-browser.js",
      "fileHash": "6384f0ac",
      "needsInterop": false
    },
    "@angular/router": {
      "src": "../../../../../node_modules/@angular/router/fesm2022/router.mjs",
      "file": "@angular_router.js",
      "fileHash": "bf892b35",
      "needsInterop": false
    }
  },
  "chunks": {
    "chunk-J3CNNKKO": {
      "file": "chunk-J3CNNKKO.js"
    },
    "chunk-UXDG6NSB": {
      "file": "chunk-UXDG6NSB.js"
    }
  }
}